date,open,high,low,close
2021-06-21,14055,14150.9,13967.9,14137.2
2021-06-22,14140.3,14288.5,14128,14270.4
2021-06-23,14275.1,14324.7,14247.6,14274.2
2021-06-24,14358.3,14429.1,14337.7,14366
2021-06-25,14396.6,14401.7,14324.3,14345.2
2021-06-28,14401.6,14530.1,14400.6,14525
2021-06-29,14523.6,14575.2,14481.8,14572.7
2021-06-30,14560.1,14582.3,14530.9,14554.8
2021-07-01,14530.6,14576.6,14483.4,14560.1
2021-07-02,14633.5,14738.1,14626.8,14727.6
2021-07-06,14755.2,14797.5,14635.3,14786.4
2021-07-07,14889.8,14891.2,14735.7,14810.5
2021-07-08,14577.7,14763.7,14551.8,14722.1
2021-07-09,14709.3,14838.7,14685.5,14826.1
2021-07-12,14878.7,14899.5,14813.8,14877.9
2021-07-13,14871,15002.3,14843.8,14874.5
2021-07-14,14984.9,15001.1,14871.7,14900.4
2021-07-15,14903.5,14907.5,14717.5,14794.7
2021-07-16,14842.1,14876,14667.1,14681.4
2021-07-19,14518,14579,14455.1,14549.1
2021-07-20,14601.3,14790.6,14530.8,14728.2
2021-07-21,14723.7,14843.2,14710.1,14842.6
2021-07-22,14865.5,14941.4,14865.5,14940.2
2021-07-23,15004.4,15125.8,14948,15111.8
2021-07-26,15088.3,15142.4,15048.2,15126
2021-07-27,15103,15107.7,14787.8,14957
2021-07-28,15005.2,15078.9,14913.5,15018.1
2021-07-29,15015.3,15092,15004.4,15048.4
2021-07-30,14882.4,14990.9,14882.4,14959.9
2021-08-02,15046.1,15059.9,14945.1,14963.6
2021-08-03,14997.2,15063.7,14864.5,15061.4
2021-08-04,15059.2,15117.4,15017.1,15083.4
2021-08-05,15105.4,15184.3,15083.8,15181.6
2021-08-06,15125.7,15162.3,15063,15109.4
2021-08-09,15136.1,15154.7,15081.8,15133.1
2021-08-10,15157.4,15169.5,15010.2,15053.6
2021-08-11,15101.8,15127.8,14972.6,15027.8
2021-08-12,15012.6,15097.9,14956.2,15089
2021-08-13,15101.8,15150.5,15079.3,15136.7
2021-08-16,15090,15142,14931.2,15140.8
2021-08-17,15018.9,15062.7,14906.2,15002.8
2021-08-18,14975,15039.9,14846.5,14857.9
2021-08-19,14773.2,15000.2,14773.2,14933.9
2021-08-20,14974.1,15103.9,14968.9,15092.6
2021-08-23,15140.1,15341.5,15140.1,15312.8
2021-08-24,15338.9,15384.4,15319.6,15357.7
2021-08-25,15384.8,15404.4,15341.9,15368.9
2021-08-26,15349,15369.3,15265.2,15278.5
2021-08-27,15305.7,15447,15292.7,15433
2021-08-30,15460.9,15620.6,15459.7,15605.1
2021-08-31,15601.3,15604.5,15522.8,15582.5
2021-09-01,15637.1,15696.4,15603.7,15611.6
2021-09-02,15656.3,15681.8,15554.3,15604.2
2021-09-03,15579,15668.1,15555,15652.9
2021-09-07,15662.3,15701.4,15610.2,15675.8
2021-09-08,15669,15669,15528.5,15620.8
2021-09-09,15639.4,15675.5,15556.7,15561
2021-09-10,15648,15673.5,15433.4,15440.7
2021-09-13,15545.7,15562.3,15351.7,15434.5
2021-09-14,15505.8,15526,15352.1,15382.9
2021-09-15,15419.9,15519,15316.4,15503.5
2021-09-16,15452.7,15539.1,15370.9,15515.9
2021-09-17,15481.4,15485.2,15291,15333.5
2021-09-20,15068.6,15157.3,14821,15012.2
2021-09-21,15097,15139.9,14987,15027.8
2021-09-22,15074,15230.3,15029.9,15176.5
2021-09-23,15231.2,15356.9,15199.4,15316.6
2021-09-24,15223,15345.5,15209.2,15329.7
2021-09-27,15205.2,15240.6,15106.4,15204.8
2021-09-28,15002,15040.6,14759,14770.3
2021-09-29,14835.5,14914.9,14727.4,14752.9
2021-09-30,14830.3,14888.2,14684.5,14689.6
2021-10-01,14731.4,14830.8,14555.1,14791.9
2021-10-04,14713.6,14727.6,14384.9,14472.1
2021-10-05,14533.4,14763.6,14520.2,14674.1
2021-10-06,14529.9,14775.6,14499.5,14766.8
2021-10-07,14899.1,15010.3,14878.2,14897.1
2021-10-08,14942.4,14948.3,14805.5,14820.7
2021-10-11,14765.7,14907.6,14709,14713.7
2021-10-12,14772.3,14784.8,14636.3,14662.1
2021-10-13,14751.8,14800.8,14676.6,14774.6
2021-10-14,14925.6,15059.9,14901.6,15052.4
2021-10-15,15107,15150.1,15064.6,15146.9
2021-10-18,15091.6,15307.5,15074.7,15300.9
2021-10-19,15349.5,15415,15320.6,15410.7
2021-10-20,15448,15457.1,15333.4,15388.7
2021-10-21,15365.8,15497.6,15350.5,15489.6
2021-10-22,15422.1,15474.3,15291.9,15355.1
2021-10-25,15417.3,15555.7,15338.5,15514.2
2021-10-26,15615.4,15710.8,15518.6,15559.5
2021-10-27,15603.2,15729.8,15578.7,15598.4
2021-10-28,15674.4,15784,15650,15778.2
2021-10-29,15638.7,15856.9,15638.7,15850.5
2021-11-01,15879.6,15910.3,15785.3,15905.3
2021-11-02,15885.3,15988.3,15877.3,15972.5
2021-11-03,16000.6,16157.6,15950.6,16144.5
2021-11-04,16193.2,16388,16169.6,16346.2
2021-11-05,16397.6,16454.5,16302.1,16359.4
2021-11-08,16351.5,16401.9,16314,16336
2021-11-09,16390,16401.9,16168.6,16219.9
2021-11-10,16087,16224.5,15905.3,15985.6
2021-11-11,16114,16116.2,16019.4,16032.5
2021-11-12,16078.1,16218.6,16012.8,16199.9
2021-11-15,16227,16256.7,16096.4,16189.1
2021-11-16,16170.3,16329.5,16156.7,16309.8
2021-11-17,16329.1,16399,16276.8,16308.1
2021-11-18,16398.8,16501.9,16309.5,16483
2021-11-19,16558.6,16625.9,16523.8,16573.3
2021-11-22,16644.8,16764.9,16374.8,16381
2021-11-23,16330.2,16417.5,16121.7,16306.7
2021-11-24,16202.3,16370.6,16106,16367.8
2021-11-26,16237.4,16302.6,15988.9,16025.6
2021-11-29,16263.4,16437.2,16214.6,16399.2
2021-11-30,16333.9,16454.6,16073.8,16135.9
2021-12-01,16348,16427.2,15864,15877.7
2021-12-02,15791.3,16066.3,15770.9,15990.8
2021-12-03,16039.4,16089.6,15543.3,15712
2021-12-06,15744.9,15898.6,15557.8,15846.2
2021-12-07,16139.6,16343.7,16128.4,16325.7
2021-12-08,16313.9,16401.1,16250.4,16394.3
2021-12-09,16337.8,16413.3,16141.4,16149.6
2021-12-10,16278.3,16339.1,16139,16332
2021-12-13,16317.9,16332.6,16075.5,16082.5
2021-12-14,15877.7,15995.2,15742.8,15914.9
2021-12-15,15908.5,16301.3,15746.9,16289.6
2021-12-16,16335,16340.5,15802.6,15863.9
2021-12-17,15714.5,15960.3,15664.1,15801.5
2021-12-20,15566.8,15662.6,15508.7,15627.6
2021-12-21,15794.4,15997.6,15617.5,15986.3
2021-12-22,15963.5,16186.2,15947.6,16180.1
2021-12-23,16203.8,16360.7,16188,16308.2
2021-12-27,16361.1,16567.6,16361.1,16567.5
2021-12-28,16602.9,16607.2,16458.5,16488.7
2021-12-29,16510.6,16548.9,16396.2,16491
2021-12-30,16485.4,16569.6,16415.1,16429.1
2021-12-31,16411.3,16464.6,16317.3,16320.1
2022-01-03,16395.5,16504.1,16306.6,16501.8
2022-01-04,16513.9,16513.9,16151.9,16279.7
2022-01-05,16190.6,16249.2,15763.8,15771.8
2022-01-06,15675.2,15900.6,15608.6,15765.4
2022-01-07,15774.1,15835,15526.8,15592.2
2022-01-10,15383.2,15627.9,15165.5,15614.4
2022-01-11,15582.7,15848.6,15496.9,15844.1
2022-01-12,15955.5,16017.4,15815.9,15905.1
2022-01-13,15970.1,15990.4,15468.1,15495.6
2022-01-14,15396.5,15617.2,15396.5,15611.6
2022-01-18,15378.1,15446.3,15183,15210.8
2022-01-19,15287.3,15382,15038.4,15047.8
2022-01-20,15176.4,15347.6,14832.7,14846.5
2022-01-21,14728.7,14868.5,14432.6,14438.4
2022-01-24,14160.9,14532.6,13724.9,14509.6
2022-01-25,14237.6,14410.4,14033.8,14149.1
2022-01-26,14492.5,14646.5,14006.4,14172.8
2022-01-27,14346.5,14419.5,13972.9,14003.1
2022-01-28,14091.3,14457.8,13880.5,14454.6
2022-01-31,14505.1,14934.5,14442.9,14930.1
2022-02-01,14966.6,15034.4,14749.5,15019.7
2022-02-02,15173,15196.4,14960.8,15139.7
2022-02-03,14693.9,14856.5,14471.2,14501.1
2022-02-04,14566.3,14832.1,14452.3,14694.4
2022-02-07,14716.4,14813.9,14524.6,14571.2
2022-02-08,14533.2,14785.2,14485.8,14747
2022-02-09,14931,15057.9,14870.4,15057
2022-02-10,14770.7,15037.3,14636.6,14705.6
2022-02-11,14739.5,14769.6,14194.5,14253.8
2022-02-14,14233.4,14400.8,14119.7,14268.6
2022-02-15,14482.1,14624.5,14444.5,14620.8
2022-02-16,14514.8,14647.8,14399.3,14603.6
2022-02-17,14485.1,14497.5,14155.4,14171.7
2022-02-18,14207.5,14225.7,13918.8,14009.5
2022-02-22,13892.8,14109.3,13720.9,13870.5
2022-02-23,14016.9,14035.9,13502.6,13509.4
2022-02-24,13065.4,13989.1,13065.4,13974.7
2022-02-25,13973.9,14193,13850.3,14189.2
2022-02-28,14058.6,14296.6,14009.4,14237.8
2022-03-01,14197.7,14271.6,13906.9,14006
2022-03-02,14075.1,14292.7,13962.7,14243.7
2022-03-03,14339.7,14342.6,13965.1,14035.2
2022-03-04,13957.6,13993,13738.6,13837.8
2022-03-07,13853.5,13879.1,13314.4,13319.4
2022-03-08,13275.2,13663.3,13129.4,13267.6
2022-03-09,13610.5,13793.1,13504.5,13742.2
2022-03-10,13577.8,13633.7,13399.5,13591
2022-03-11,13701.8,13714.4,13285.2,13301.8
2022-03-14,13248.1,13386.7,13020.4,13046.6
2022-03-15,13175,13488.2,13092.5,13458.6
2022-03-16,13633.1,13960.3,13475.1,13956.8
2022-03-17,13879,14125.7,13827.3,14118.6
2022-03-18,14061.3,14427.5,14014.4,14420.1
2022-03-21,14377.1,14470.7,14190.5,14376.1
2022-03-22,14396,14689,14385.5,14654.3
2022-03-23,14525.2,14681.3,14446,14447.5
2022-03-24,14529.7,14767.7,14440.7,14765.7
2022-03-25,14766.9,14805.9,14577.6,14754.3
2022-03-28,14763.2,14989.1,14705.9,14987.4
2022-03-29,15039.6,15265.4,15039.6,15239.3
2022-03-30,15177.2,15229,15010.3,15071.5
2022-03-31,15074.2,15088.4,14835.2,14838.5
2022-04-01,14886.9,14925.9,14723.8,14861.2
2022-04-04,14903.4,15161.9,14884.6,15159.6
2022-04-05,15109.3,15120.7,14782.6,14820.6
2022-04-06,14600.3,14639.3,14395.4,14498.9
2022-04-07,14469.5,14624.2,14315.7,14531.8
2022-04-08,14450.5,14490.2,14307.7,14327.3
2022-04-11,14149.6,14187.7,13979.1,13990.2
2022-04-12,14175.7,14264.7,13882.8,13940.2
2022-04-13,13939.6,14258.8,13919.5,14217.3
2022-04-14,14225.5,14235.4,13884.8,13893.2
2022-04-18,13859.5,13997.9,13789,13910.8
2022-04-19,13882.7,14236.5,13844.7,14210.3
2022-04-20,14246.2,14263.6,13962.9,13998.5
2022-04-21,14174.9,14277.2,13684.2,13720.5
2022-04-22,13714.6,13769.4,13342.8,13356.9
2022-04-25,13275.4,13541.8,13239.7,13533.2
2022-04-26,13447.7,13447.7,13009.7,13009.7
2022-04-27,13009.4,13241.9,12936.4,13003.4
2022-04-28,13255,13542.6,13038.2,13456.1
2022-04-29,13274.9,13428.5,12835.5,12854.8
2022-05-02,12864.8,13083.6,12716.6,13075.8
2022-05-03,13045.4,13178.7,12982.7,13089.9
2022-05-04,13110.3,13556.7,12887.5,13535.7
2022-05-05,13344.8,13344.8,12710.6,12850.6
2022-05-06,12776.9,12926.6,12522.8,12693.5
2022-05-09,12465.9,12542.3,12136.2,12187.7
2022-05-10,12496.8,12537.9,12173.5,12345.9
2022-05-11,12240.2,12470.9,11939.1,11967.6
2022-05-12,11790.1,12128.7,11692.1,11945.5
2022-05-13,12125.9,12429.3,12069.1,12387.4
2022-05-16,12297.1,12395.5,12196.2,12243.6
2022-05-17,12496.6,12573,12334,12564.1
2022-05-18,12352.9,12390,11887,11928.3
2022-05-19,11872.6,12066.9,11795.8,11875.6
2022-05-20,12037,12044.7,11492.3,11835.6
2022-05-23,11867.1,12047.8,11785.8,12034.3
2022-05-24,11807.8,11842.8,11576.1,11769.8
2022-05-25,11732.5,12028.9,11714.3,11943.9
2022-05-26,11906.8,12337.7,11901.9,12276.8
2022-05-27,12421.8,12682.6,12405.3,12681.4
2022-05-31,12688.9,12762.8,12482.3,12642.1
2022-06-01,12750.3,12820.5,12457.9,12548.4
2022-06-02,12498.6,12897.6,12447.8,12892.9
2022-06-03,12650.4,12724.8,12505.8,12548
2022-06-06,12745.9,12804.5,12534.6,12599.6
2022-06-07,12456.5,12737.3,12413.6,12711.7
2022-06-08,12682.8,12776.6,12578.5,12615.1
2022-06-09,12543.4,12666.4,12265.9,12269.8
2022-06-10,12052.6,12082.7,11825.4,11832.8
2022-06-13,11472.2,11568.6,11254.2,11288.3
2022-06-14,11385.2,11418.2,11205.9,11311.7
2022-06-15,11468.1,11751.3,11346.5,11593.8
2022-06-16,11286.9,11311,11037.2,11127.6
2022-06-17,11172.7,11358,11089.9,11266
2022-06-21,11447,11638.5,11447,11546.8
2022-06-22,11427.7,11708.1,11423.2,11527.7
2022-06-23,11622.1,11729.6,11515.5,11697.7
2022-06-24,11826.9,12112.8,11812.2,12105.8
2022-06-27,12157.9,12176,11965.7,12008.2
2022-06-28,12021.3,12133.9,11633.1,11637.8
2022-06-29,11619,11710.2,11537.7,11658.3
2022-06-30,11532.3,11651,11322.9,11503.7
2022-07-01,11472.6,11592.8,11378.6,11585.7
2022-07-05,11419.3,11781.7,11366.1,11779.9
2022-07-06,11807.1,11941.3,11727.4,11852.6
2022-07-07,11913.7,12137.7,11897.5,12109.1
2022-07-08,11978,12179.3,11956,12125.7
2022-07-11,12008.8,12026.1,11830.9,11860.3
2022-07-12,11926.8,11990.4,11684,11745
2022-07-13,11523.9,11819.7,11499,11728.5
2022-07-14,11637.2,11801.1,11488.3,11768.4
2022-07-15,11896.2,11987.5,11828.1,11983.6
2022-07-18,12089.7,12156.1,11836.5,11877.5
2022-07-19,12046.7,12258.4,11967.9,12249.4
2022-07-20,12269.1,12488.4,12232.2,12439.7
2022-07-21,12466.1,12620.5,12351.4,12619.4
2022-07-22,12575.8,12662.9,12322.8,12396.5
2022-07-25,12391.2,12415.6,12244.4,12328.4
2022-07-26,12248.2,12259,12051.2,12086.9
2022-07-27,12299.3,12660.8,12256.9,12601.5
2022-07-28,12580.6,12741.8,12433.6,12717.9
2022-07-29,12784.2,12986.6,12726.2,12948
2022-08-01,12877,13084.6,12833.2,12940.8
2022-08-02,12853,13073.3,12809,12901.6
2022-08-03,12983.6,13289.2,12974.9,13253.3
2022-08-04,13253.8,13326.7,13170.4,13311
2022-08-05,13107.4,13286,13070.4,13207.7
2022-08-08,13227.1,13394.5,13103.8,13159.2
2022-08-09,13064.2,13095.7,12945.6,13008.2
2022-08-10,13330.7,13386.8,13220.1,13378.3
2022-08-11,13471,13555.4,13271.3,13292
2022-08-12,13384.6,13565.9,13341.6,13565.9
2022-08-15,13529.7,13685.7,13524.5,13667.2
2022-08-16,13617.7,13720.9,13508.5,13635.2
2022-08-17,13499.2,13591.6,13389.8,13470.9
2022-08-18,13474.2,13553.3,13405.7,13506
2022-08-19,13370.2,13402.6,13210.8,13242.9
2022-08-22,13056.4,13073.1,12859.8,12890.5
2022-08-23,12885.3,13000.7,12852.7,12881.8
2022-08-24,12876.2,12995.1,12843.6,12917.9
2022-08-25,12984.7,13146.8,12951.6,13143.6
2022-08-26,13129.9,13175.3,12603.4,12605.2
2022-08-29,12488.5,12594.3,12443.4,12484.3
2022-08-30,12562.4,12572.9,12240.8,12342.7
2022-08-31,12448.1,12502.1,12268.1,12272
2022-09-01,12158.9,12290.3,12013,12274.6
2022-09-02,12392.5,12451.3,12035.5,12098.4
2022-09-06,12106.6,12152.4,11928.8,12011.3
2022-09-07,12038.2,12298.1,12027,12259.4
2022-09-08,12139.6,12374.1,12120.3,12321.2
2022-09-09,12424.1,12610.4,12424.1,12588.3
2022-09-12,12649.2,12752.8,12639.8,12739.7
2022-09-13,12364.8,12420,12004.4,12033.6
2022-09-14,12092,12170.3,12016.4,12134.4
2022-09-15,12034.4,12153.3,11867.9,11927.5
2022-09-16,11775.9,11875.1,11710.3,11861.4
2022-09-19,11753.6,11956.8,11752.4,11953.3
2022-09-20,11855.8,11951.1,11761.7,11851.5
2022-09-21,11892.7,12062.5,11636.2,11637.8
2022-09-22,11574.3,11618,11448.9,11501.6
2022-09-23,11398.8,11402.4,11169.7,11311.2
2022-09-26,11283.1,11473.4,11235.7,11254.1
2022-09-27,11411.3,11502.4,11175.3,11271.8
2022-09-28,11258.7,11546.9,11210.8,11493.8
2022-09-29,11334.6,11339.9,11038.9,11164.8
2022-09-30,11123.1,11296.2,10967,10971.2
2022-10-03,11059.2,11296.4,10985,11229.7
2022-10-04,11477.8,11609.2,11462.4,11582.5
2022-10-05,11429.5,11641.5,11312.5,11573.2
2022-10-06,11556.4,11660.6,11473.5,11485.5
2022-10-07,11272.5,11293.6,10991.7,11039.5
2022-10-10,11048.5,11063.2,10824.3,10927
2022-10-11,10865.3,10981.9,10716.3,10791.3
2022-10-12,10810.3,10886.5,10754.9,10785.6
2022-10-13,10481.6,11087.7,10440.6,11033.6
2022-10-14,11130.1,11152.9,10677.5,10692.1
2022-10-17,10967.2,11090.9,10959.7,11062.5
2022-10-18,11368.8,11374.4,11035.8,11147.7
2022-10-19,11081.8,11231.5,11008.1,11103.4
2022-10-20,11081.2,11279.8,11001.3,11046.7
2022-10-21,10998.2,11327.8,10962,11310.3
2022-10-24,11321.1,11468.2,11166.5,11430.3
2022-10-25,11482.9,11681.8,11480.4,11670
2022-10-26,11409.8,11657.1,11388.3,11405.9
2022-10-27,11387.7,11417,11179.9,11191.6
2022-10-28,11177,11563.2,11177,11546.2
2022-10-31,11465.2,11483,11331.3,11405.6
2022-11-01,11571.5,11574.4,11278.3,11289
2022-11-02,11300.3,11410.9,10903.5,10906.3
2022-11-03,10769.4,10852.2,10680.8,10690.6
2022-11-04,10912,10934.6,10632.4,10857
2022-11-07,10900.8,11001.2,10817.6,10977
2022-11-08,11039.6,11191.9,10897.5,11059.5
2022-11-09,10971.4,11012.7,10790.3,10797.6
2022-11-10,11350.4,11612.2,11235.7,11606
2022-11-11,11604.4,11840.1,11535.6,11817
2022-11-14,11728.1,11863.8,11669.1,11700.9
2022-11-15,12006.5,12025,11735.4,11871.1
2022-11-16,11767.4,11797,11673.1,11699.1
2022-11-17,11521.6,11737.6,11519.4,11676.9
2022-11-18,11791.8,11794.7,11579.6,11677
2022-11-21,11623.3,11664.9,11524.4,11553.5
2022-11-22,11590.8,11731.8,11503.3,11724.8
2022-11-23,11725.1,11866.4,11722,11838.7
2022-11-25,11777.3,11803.9,11748.8,11756
2022-11-28,11684.1,11764.8,11555.3,11587.8
2022-11-29,11590.3,11613.3,11450.3,11503.5
2022-11-30,11505.7,12031.3,11481.9,12030.1
2022-12-01,12030.2,12115.3,11928.7,12041.9
2022-12-02,12027.6,12027.6,11825.5,11994.3
2022-12-05,11899.5,11957.4,11732.1,11786.8
2022-12-06,11775.2,11790.9,11488.6,11549.7
2022-12-07,11491,11577.7,11432,11497.4
2022-12-08,11543.7,11672.1,11470.7,11637.5
2022-12-09,11594.4,11707.1,11550.3,11563.3
2022-12-12,11572.3,11707.7,11529.4,11706.4
2022-12-13,12141.2,12166.4,11724.9,11834.2
2022-12-14,11824.5,11941.3,11617.4,11740.9
2022-12-15,11573.4,11591.3,11300.3,11345.2
2022-12-16,11313.6,11383.4,11175.5,11243.7
2022-12-19,11243,11251.6,11029.8,11084.6
2022-12-20,11023.5,11143.6,10967.1,11072.4
2022-12-21,11110.6,11285.8,11083.4,11235.9
2022-12-22,11099.4,11114.2,10784,10956.1
2022-12-23,10911,11007.1,10830.9,10985.4
2022-12-27,10944.3,10957.4,10807.6,10822.5
2022-12-28,10807.1,10898.6,10671.2,10679.3
2022-12-29,10800.8,10981.1,10776.6,10951
2022-12-30,10835.6,10942.9,10778.6,10939.8
2023-01-03,11038.4,11093.1,10770.9,10862.6
2023-01-04,10949.3,10981.5,10785.5,10914.8
2023-01-05,10837.2,10842.3,10728.3,10741.2
2023-01-06,10807.5,11082.6,10696.4,11040.4
2023-01-09,11133.1,11304.8,11085.3,11108.4
2023-01-10,11069,11207.6,11050.7,11205.8
2023-01-11,11259.2,11403.9,11220.7,11402.5
2023-01-12,11441.5,11500.9,11246,11459.6
2023-01-13,11362.1,11548,11347.6,11541.5
2023-01-17,11531.5,11616,11484,11557.2
2023-01-18,11636.6,11690.3,11403.3,11410.3
2023-01-19,11345.2,11388.5,11251.9,11295.7
2023-01-20,11363.9,11623.2,11329.5,11619
2023-01-23,11652,11918.9,11617.8,11872.5
2023-01-24,11802.9,11889.4,11780.1,11846.6
2023-01-25,11636,11841.8,11550.1,11814.7
2023-01-26,11972.6,12055.8,11853.4,12051.5
2023-01-27,12000.2,12248.1,11999.9,12166.6
2023-01-30,12047.2,12087.7,11906.1,11912.4
2023-01-31,11915.9,12104.1,11915.9,12101.9
2023-02-01,12087.9,12458.9,12010.7,12363.1
2023-02-02,12655.2,12881,12600.8,12803.1
2023-02-03,12521,12828.7,12521,12573.4
2023-02-06,12468.8,12558.9,12411.9,12464.5
2023-02-07,12475,12771.6,12419.7,12728.3
2023-02-08,12680,12709.5,12471.1,12495.4
2023-02-09,12677.5,12679.5,12327.4,12381.2
2023-02-10,12306.6,12375.7,12204.2,12304.9
2023-02-13,12356.5,12522.8,12313.4,12502.3
2023-02-14,12413.1,12627.4,12356.3,12590.9
2023-02-15,12531.6,12689.3,12486.4,12687.9
2023-02-16,12495.1,12653.4,12440,12442.5
2023-02-17,12352.3,12385.5,12233.8,12358.2
2023-02-21,12257.1,12257.1,12058.2,12060.3
2023-02-22,12156.2,12156.2,12006,12066.3
2023-02-23,12224.4,12227.4,12005.5,12180.1
2023-02-24,11979.8,12018.3,11900.8,11969.7
2023-02-27,12106.8,12159.6,12034.6,12057.8
2023-02-28,12041.7,12146.5,12021.3,12042.1
2023-03-01,12026.7,12054.5,11906.6,11938.6
2023-03-02,11830.1,12074.6,11830.1,12044.9
2023-03-03,12110.7,12300.5,12095.2,12290.8
2023-03-06,12344.6,12466.9,12297.6,12302.5
2023-03-07,12303.2,12344,12130,12152.2
2023-03-08,12181.1,12237.7,12102.3,12215.3
2023-03-09,12230.8,12340.4,11970.3,11995.9
2023-03-10,12001.7,12069.6,11789.9,11830.3
2023-03-13,11752.1,12074,11695.4,11923.2
2023-03-14,12078.5,12217.9,12035.2,12199.8
2023-03-15,12083.2,12269.4,12026.2,12251.3
2023-03-16,12211.9,12595.7,12190.7,12581.4
2023-03-17,12570.2,12674.3,12444.1,12519.9
2023-03-20,12487.8,12578.3,12407.8,12562.6
2023-03-21,12643.3,12762.5,12582.8,12741.4
2023-03-22,12742.4,12943.6,12563.8,12567.2
2023-03-23,12735.6,12900.1,12611.7,12729.2
2023-03-24,12700.5,12770.3,12608.2,12767
2023-03-27,12797.9,12839.4,12647.9,12673.1
2023-03-28,12654.9,12654.9,12517.9,12610.6
2023-03-29,12768.1,12867.3,12734.7,12846
2023-03-30,12935,12988,12894.1,12963.1
2023-03-31,12969,13188.8,12968,13181.4
2023-04-03,13084.1,13157.5,13036.5,13148.4
2023-04-04,13165.3,13204.1,13050,13100.1
2023-04-05,13056.8,13065.3,12894.4,12967.2
2023-04-06,12892.9,13078.1,12846,13062.6
2023-04-10,12936.5,13051.9,12861.5,13051.2
2023-04-11,13040.5,13049.6,12947.7,12964.2
2023-04-12,13044,13072,12833.3,12848.3
2023-04-13,12922.9,13124.4,12920,13109.4
2023-04-14,13044.7,13152.3,12962.5,13079.5
2023-04-17,13053.3,13105.7,12981.3,13087.7
2023-04-18,13180.3,13196.2,13044.2,13091.8
2023-04-19,12992.5,13128.2,12988.2,13088.7
2023-04-20,12962.3,13107.9,12933.8,12986
2023-04-21,12970.3,13030.8,12899.6,13000.8
2023-04-24,12981.7,13044.2,12883.8,12969.8
2023-04-25,12905.1,12933.3,12724.2,12725.1
2023-04-26,12866.6,12929.6,12783.4,12806.5
2023-04-27,12963.2,13175.6,12938.5,13160
2023-04-28,13139.3,13247.4,13096.9,13246
2023-05-01,13229.1,13287.5,13186.4,13231.5
2023-05-02,13225.5,13241.5,13046.8,13113.7
2023-05-03,13123.1,13198.6,13108.8,13174.1
2023-05-23,13773.7,13827.1,13662.9,13672.5
2023-05-24,13589,13655.7,13520.9,13604.5
2023-05-25,13920.9,13986.9,13812.2,13938.5
2023-05-26,13990.6,14329.5,13982.2,14298.4
2023-05-30,14465.6,14520.2,14301.1,14355
2023-05-31,14293.6,14375.4,14216.2,14254.1
2023-06-01,14269.1,14493.3,14219.9,14441.5
2023-06-02,14517.1,14595.8,14442.2,14546.6
2023-06-05,14550.1,14662.9,14516.9,14556.5
2023-06-06,14526.1,14593.5,14477,14558.1
2023-06-07,14573.3,14647.9,14283.9,14303.3
2023-06-08,14319.2,14503.3,14314.7,14484.5
2023-06-09,14574.2,14672.9,14487.5,14528.4
2023-06-12,14617.4,14789.6,14571.4,14784.3
2023-06-13,14911.3,14931.8,14770.1,14900.9
2023-06-14,14894.1,15017.1,14784.6,15005.7
2023-06-15,14949.7,15246.6,14930.1,15185.5
2023-06-16,15272.7,15284.7,15073.4,15083.9
2023-06-20,15036.5,15127.4,14946.7,15070.1
2023-06-21,15019,15038.9,14826,14867.5
2023-06-22,14797.9,15044.2,14795,15042.3
2023-06-23,14879.2,14983.7,14821.8,14891.5
2023-06-26,14866.7,14982.8,14687,14689
2023-06-27,14751.6,14972.3,14726.7,14945.9
2023-06-28,14876.3,15051.1,14865.8,14964.6
2023-06-29,14965.5,14986.9,14876.9,14940
2023-06-30,15085.2,15213.8,15081.6,15179.2
2023-07-03,15190.5,15233,15153.6,15208.7
2023-07-05,15165.4,15275.2,15162.7,15203.8
2023-07-06,15054.1,15106.5,14969.1,15089.4
2023-07-07,15070.5,15210.6,15032.6,15036.9
2023-07-10,15031.9,15066.4,14924.6,15045.6
2023-07-11,15068.1,15135.3,14974.2,15119.1
2023-07-12,15279.4,15364.1,15209.7,15307.2
2023-07-13,15432.5,15602.7,15420.7,15572
2023-07-14,15610,15720.1,15531,15565.6
2023-07-17,15608.3,15745.7,15576.5,15713.3
2023-07-18,15608.3,15895.7,15607.7,15841.4
2023-07-19,15888.2,15932.1,15782,15826.4
2023-07-20,15717.7,15771.8,15429.9,15466.1
2023-07-21,15555,15600.5,15410.6,15425.7
2023-07-24,15475.2,15504.7,15374.7,15448
2023-07-25,15483.1,15622.7,15482,15561.4
2023-07-26,15514,15571.2,15411.9,15499.3
2023-07-27,15734,15795.5,15416,15464.9
2023-07-28,15630.2,15788.5,15617.7,15750.9
2023-07-31,15774.3,15803.6,15702.7,15757
2023-08-01,15697,15748.4,15636.6,15718
2023-08-02,15561.1,15561.4,15321.4,15370.7
2023-08-03,15287.8,15436.6,15270.7,15353.5
2023-08-04,15420.7,15523.3,15258.7,15274.9
2023-08-07,15355.6,15410.9,15258.9,15407.9
2023-08-08,15279.4,15295.8,15148.2,15273
2023-08-09,15287,15288.8,15077.9,15101.7
2023-08-10,15217.3,15366.3,15072.5,15128.8
2023-08-11,15010.5,15102.5,14973.7,15028.1
2023-08-14,14988.4,15206.3,14972,15205.6
2023-08-15,15172.1,15192.9,15014.4,15037.6
2023-08-16,15021.6,15077,14874,14876.5
2023-08-17,14943.3,14949.6,14698.3,14715.8
2023-08-18,14589.7,14744.6,14557.8,14694.8
2023-08-21,14762,14958.9,14739.4,14936.7
2023-08-22,15035.1,15037.8,14884,14909
2023-08-23,14947.6,15188.9,14947.6,15148.1
2023-08-24,15278.9,15279.2,14814.8,14816.4
2023-08-25,14858.9,15001.3,14715.4,14941.8
2023-08-28,15035.5,15086.2,14948.9,15052.5
2023-08-29,15043,15391.6,15034.5,15376.5
2023-08-30,15386.7,15484.8,15341.9,15462.4
2023-08-31,15475.4,15575,15466.4,15501.1
2023-09-01,15601,15618.9,15429.4,15490.9
2023-09-05,15460.5,15556.8,15420,15508.2
2023-09-06,15467.3,15487,15289.5,15371.4
2023-09-07,15174.2,15288.2,15138.7,15258.5
2023-09-08,15265.6,15374.2,15244.1,15280.2
2023-09-11,15409.8,15432.7,15328.3,15361.7
2023-09-12,15390.6,15447.8,15278.9,15289.7
2023-09-13,15293.3,15414.6,15256.6,15348.5
2023-09-14,15433,15512.8,15337.2,15473.9
2023-09-15,15425.9,15435.5,15173.7,15202.4
2023-09-18,15161.2,15269,15155.5,15225.4
2023-09-19,15152.5,15219.9,15069.4,15191.2
2023-09-20,15225.3,15245.2,14967.6,14969.9
2023-09-21,14813.5,14849.2,14691.7,14694.2
2023-09-22,14756.6,14855.9,14686.8,14701.1
2023-09-25,14662.7,14771.1,14615.4,14768.9
2023-09-26,14668.5,14678.5,14505.7,14545.8
2023-09-27,14600.1,14657.2,14432.6,14580.2
2023-09-28,14531,14787.6,14510.2,14702.8
2023-09-29,14853.3,14901.9,14664.8,14715.2
2023-10-02,14717.9,14892.2,14701.5,14837.6
2023-10-03,14744,14819.9,14504.1,14565.6
2023-10-04,14613.2,14803,14592.6,14776.3
2023-10-05,14769.6,14784.7,14584.4,14723.2
2023-10-06,14622.2,15021.4,14575.9,14973.2
2023-10-09,14871.6,15070.6,14816.3,15047.2
2023-10-10,15074,15241.9,15050.5,15131.5
2023-10-11,15194.5,15248.2,15119.6,15241.1
2023-10-12,15264.1,15334,15090.7,15184.1
2023-10-13,15225.7,15232.4,14943.4,14995.1
2023-10-16,15054.5,15209.5,15047.3,15172.7
2023-10-17,15009.3,15187.1,14932.8,15122
2023-10-18,15022.3,15103.9,14865.8,14909.3
2023-10-19,14981.1,15023.9,14749.3,14783.1
2023-10-20,14752.6,14781.2,14552.1,14560.9
2023-10-23,14514.1,14746.4,14419.1,14604.9
2023-10-24,14678.4,14774.2,14610.3,14745.9
2023-10-25,14642.1,14643.7,14362.2,14381.6
2023-10-26,14314,14372.5,14058.3,14109.6
2023-10-27,14245.7,14321,14130.4,14180.4
2023-10-30,14284,14388.2,14225.9,14335.5
2023-10-31,14340.9,14420.4,14232.4,14409.8
2023-11-01,14453.7,14677.9,14441.9,14664.9
2023-11-02,14856.9,14930.8,14792.8,14919.5
2023-11-03,14985.1,15149.8,14965.3,15099.5
2023-11-06,15137.2,15180.2,15064.9,15154.9
2023-11-07,15201.8,15335.4,15153.3,15296
2023-11-08,15313.9,15343.2,15220.9,15313.2
2023-11-09,15351.1,15382.1,15171.3,15187.9
2023-11-10,15252.4,15535.2,15237.2,15529.1
2023-11-13,15469.2,15524.7,15404.7,15482.8
2023-11-14,15744.4,15850.3,15726.1,15812.5
2023-11-15,15881.7,15904.6,15765.3,15817.2
2023-11-16,15765.2,15842.6,15738.2,15833.2
2023-11-17,15804,15876.9,15766.9,15838
2023-11-20,15845.2,16056.8,15844.8,16027.1
2023-11-21,15951.6,15968.1,15866.8,15933.6
2023-11-22,16025.7,16119.3,15964,16001.4
2023-11-24,15974.9,16007.4,15940.6,15982
2023-11-27,15969.7,16045.3,15932.2,15962
2023-11-28,15940.3,16031.5,15921.1,16010.4
2023-11-29,16111.4,16166.5,15976.7,15987.6
2023-11-30,15987.7,16013.5,15825.7,15947.9
2023-12-01,15892.6,16013.8,15834.9,15997.6
2023-12-04,15837.1,15852.4,15695.6,15839.7
2023-12-05,15763.7,15931.8,15760.6,15877.7
2023-12-06,15990.2,15990.9,15777,15788
2023-12-07,15888.2,16042.5,15875.5,16022.5
2023-12-08,15952.9,16100.9,15937.6,16084.7
2023-12-11,16069.6,16232.3,16061.9,16221.7
2023-12-12,16209.6,16354.2,16175.5,16354.2
2023-12-13,16392.2,16581,16357.2,16562.4
2023-12-14,16603.5,16660.7,16419.3,16537.8
2023-12-15,16587,16669.8,16557,16623.4
2023-12-18,16631.1,16764.3,16629.3,16729.8
2023-12-19,16734.3,16813,16733.4,16811.9
2023-12-20,16763.6,16860.7,16552.1,16554.2
2023-12-21,16719.6,16768,16621.5,16757.4
2023-12-22,16799,16839.3,16703.6,16777.4
2023-12-26,16816.8,16907.5,16813.6,16878.5
2023-12-27,16896.1,16922,16859.6,16906.8
2023-12-28,16963.5,16969.2,16891.3,16898.5
2023-12-29,16902.4,16919.5,16757.9,16825.9
2024-01-02,16667.3,16686.6,16453.2,16543.9
2024-01-03,16413.3,16471.1,16352.1,16368.5
2024-01-04,16290.8,16419.4,16276.4,16282
2024-01-05,16281.7,16415.4,16249.2,16306
2024-01-08,16354.2,16655.2,16349.4,16649.9
2024-01-09,16532,16710.9,16513.7,16678.7
2024-01-10,16702.6,16827.4,16654.7,16793
2024-01-11,16852.2,16898.2,16618.9,16820.9
2024-01-12,16855,16900.4,16776.9,16832.9
2024-01-16,16775.1,16895.3,16726.6,16830.7
2024-01-17,16705.5,16749.1,16561.5,16736.3
2024-01-18,16894.3,16997,16818.1,16982.3
2024-01-19,17060.1,17317.2,17041.9,17314
2024-01-22,17403.6,17450.3,17309.9,17330.4
2024-01-23,17347,17410.9,17286,17404.2
2024-01-24,17562.3,17665.3,17482,17499.3
2024-01-25,17589.3,17631.3,17430.4,17517
2024-01-26,17432.9,17514.8,17395.5,17421
2024-01-29,17438,17604,17414.6,17596.3
2024-01-30,17556.5,17578.5,17443.8,17476.7
2024-01-31,17270,17375.3,17128.7,17137.2
2024-02-01,17217,17356.8,17175.8,17344.7
2024-02-02,17415.9,17682.3,17378.4,17642.7
2024-02-05,17634.7,17655.8,17469.6,17613
2024-02-06,17664.4,17680.6,17475.4,17572.7
2024-02-07,17674.6,17784.2,17637.7,17755.1
2024-02-08,17757.6,17814.1,17728.6,17783.2
2024-02-09,17821,17987.9,17798.8,17962.4
2024-02-12,17942.3,18041.5,17859.7,17882.7
2024-02-13,17519.8,17717.7,17478.2,17600.4
2024-02-14,17728.9,17815.2,17619.9,17807.6
2024-02-15,17728.9,17864.6,17722.3,17845.7
2024-02-16,17853.6,17864.2,17663.4,17686
2024-02-20,17657.1,17657.1,17399.4,17546.1
2024-02-21,17482.1,17482.1,17319.4,17478.9
2024-02-22,17857.8,18034.8,17808.3,18004.7
2024-02-23,18052.6,18091.6,17902.8,17937.6
2024-02-26,17970.2,18014.1,17926.7,17933.3
2024-02-27,17962.6,17987.5,17871.1,17971
2024-02-28,17895,17931,17840.4,17874.5
2024-02-29,17991.7,18068.5,17866.3,18043.8
2024-03-01,18069.3,18333.3,18064.4,18302.9
2024-03-04,18290.1,18313.4,18218.2,18226.5
2024-03-05,18088.7,18097.5,17804.5,17897.9
2024-03-06,18083.5,18142.9,17941.6,18017.6
2024-03-07,18161.7,18338,18101.4,18298
2024-03-08,18312.8,18416.7,17995.4,18018.5
2024-03-11,17959.7,18003,17873.3,17951.7
2024-03-12,18063,18228.4,17919.3,18219.1
2024-03-13,18151.8,18163.7,18030.4,18068.5
2024-03-14,18114.7,18142.9,17913.6,18014.8
2024-03-15,17926.9,17930.5,17765,17808.2
2024-03-18,18024.2,18124.3,17973.1,17985
2024-03-19,17902.5,18039.8,17809.2,18032.2
2024-03-20,18067.7,18249.1,18003.2,18240.1
2024-03-21,18438.2,18464.7,18317.1,18320.4
2024-03-22,18293.1,18386.3,18267.5,18339.4
2024-03-25,18215.5,18337.3,18189.3,18277.1
2024-03-26,18329.3,18378.7,18207.9,18210.5
2024-03-27,18338.2,18344.1,18168.2,18280.8
2024-03-28,18308.3,18308.3,18231.4,18254.7
2024-04-01,18280.8,18391.6,18211.3,18293.2
2024-04-02,18135.6,18135.6,18002.3,18121.8
2024-04-03,18054.4,18238.7,18045.4,18160.2
2024-04-04,18331,18362.3,17875.7,17878.8
2024-04-05,17940.3,18203,17912.9,18108.5
2024-04-08,18130.4,18178.7,18050.7,18100.2
2024-04-09,18188.9,18210,17973.1,18169.9
2024-04-10,17958,18040.8,17932.4,18011.7
2024-04-11,17998.3,18337.2,17998.3,18308
2024-04-12,18085.1,18166.5,17952.1,18003.5
2024-04-15,18143.3,18152.1,17676.3,17706.8
2024-04-16,17817.7,17817.7,17660.9,17713.7
2024-04-17,17788.5,17788.5,17459.6,17493.6
2024-04-18,17514.8,17590.8,17376.5,17394.3
2024-04-19,17334.7,17362.3,16973.9,17037.6
2024-04-22,17161.1,17305.2,17010.3,17210.9
2024-04-23,17297.2,17513.3,17277.3,17471.5
2024-04-24,17613.7,17653.7,17435.3,17526.8
2024-04-25,17334.7,17474.5,17172.4,17430.5
2024-04-26,17566.2,17772.8,17533.1,17718.3
2024-04-29,17671,17820,17671,17782.7
2024-04-30,17768.9,17768.9,17440.7,17440.7
2024-05-01,17667.9,17667.9,17284.4,17318.5
2024-05-02,17474.9,17575.8,17290.6,17541.5
2024-05-03,17848.7,17927,17784.8,17890.8
2024-05-06,17951,18094.5,17937.3,18093.6
2024-05-07,18061.6,18156.3,18061.6,18091.4
2024-05-08,17987.7,18135.3,17987.7,18085
2024-05-09,18095.8,18138,18012.6,18113.5
2024-05-10,18171.1,18247.6,18099.7,18161.2
2024-05-13,18228.4,18233.5,18147.6,18198.6
2024-05-14,18187.5,18339.6,18175.3,18322.8
2024-05-15,18412.8,18607.5,18359.3,18596.7
2024-05-16,18590,18669.5,18553.3,18558
2024-05-17,18571.8,18590.4,18462.3,18546.2
2024-05-20,18559.2,18703.8,18549.8,18674.2
2024-05-21,18604,18721.2,18589.9,18713.8
2024-05-22,18733.5,18756.7,18606.2,18705.2
2024-05-23,18907.1,18907.5,18554.9,18623.4
2024-05-24,18669.4,18852,18664.8,18808.3
2024-05-28,18855.2,18875.2,18755.9,18869.4
2024-05-29,18708.1,18814.8,18706.6,18736.8
2024-05-30,18705.3,18705.3,18487.8,18538.7
2024-05-31,18550.8,18574.6,18189.8,18536.7
2024-06-03,18550.8,18707.2,18392.6,18601
2024-06-04,18666.7,18697.9,18521.8,18654.8
2024-06-05,18768.3,19035.9,18768.3,19035
2024-06-06,19053,19071.8,18978.9,19021.2
2024-06-07,18992.6,19113.9,18958.7,19001
2024-06-10,18945.3,19089.8,18940.7,19074.7
2024-06-11,19031.4,19212.6,18966.6,19210.2
2024-06-12,19358.3,19556.9,19347.3,19465.2
2024-06-13,19473.7,19639.4,19473.7,19576.9
2024-06-14,19557.2,19664.6,19534.6,19659.8
2024-06-17,19681.9,19977.8,19623.7,19902.7
2024-06-18,19904.4,19940.5,19837.9,19908.9
2024-06-20,19904.4,19979.9,19685,19752.3
2024-06-21,19722.4,19802,19643.5,19700.4
2024-06-24,19648.2,19723.2,19472.5,19474.6
2024-06-25,19555.8,19712.4,19523.5,19701.1
2024-06-26,19654.2,19763.5,19654.2,19751
2024-06-27,19740.5,19850.8,19701.3,19789
2024-06-28,19817,20017.7,19665.8,19682.9
2024-07-01,19720.1,19827.7,19577.5,19812.2
2024-07-02,19746.2,20014.9,19741.8,20011.9
2024-07-03,19995.3,20186.6,19995.3,20186.6
2024-07-05,20224.1,20407,20201.5,20392
2024-07-08,20393.9,20455.4,20363.4,20439.5
2024-07-09,20504.2,20543.9,20395.6,20453
2024-07-10,20504.2,20691,20479.9,20675.4
2024-07-11,20533.3,20672.1,20165,20211.4
2024-07-12,20226.2,20526.1,20218,20331.5
2024-07-15,20304.5,20585.2,20304.5,20386.9
2024-07-16,20441.5,20477,20266.5,20398.6
2024-07-17,20041.3,20080.3,19793.8,19799.1
2024-07-18,19948,19948,19575.8,19705.1
2024-07-19,19687.8,19784.5,19479.4,19522.6
2024-07-22,19751,19861.7,19638.4,19822.9
2024-07-23,19751,19904.6,19736.2,19754.3
2024-07-24,19475.7,19482.5,19005.5,19032.4
2024-07-25,19041.2,19227.2,18721.7,18830.6
2024-07-26,18990.2,19142.7,18899.3,19023.7
2024-07-29,19122.4,19224.6,18974.5,19059.5
2024-07-30,19122.4,19165.4,18667.2,18796.3
2024-07-31,19222.8,19426.6,19162.9,19362.4
2024-08-01,19376,19539,18737.1,18890.4
2024-08-02,18494.2,18628.8,18263.5,18440.8
2024-08-05,17444.4,18169.5,17435.4,17895.2
2024-08-06,17961.5,18368.7,17858.8,18077.9
2024-08-07,18345.4,18445.7,17851.1,17867.4
2024-08-08,18102,18445.4,17965.1,18413.8
2024-08-09,18373.9,18567.6,18313.8,18513.1
2024-08-12,18433.6,18665.7,18433.6,18542
2024-08-13,18724.8,19013,18723.7,19006.4
2024-08-14,19043.8,19103,18837.1,19022.7
2024-08-15,19251.9,19502.9,19239.9,19490.1
2024-08-16,19376.7,19561.2,19376.7,19508.5
2024-08-19,19521.9,19767.4,19445.1,19766.5
2024-08-20,19736.3,19835.4,19652.2,19719.8
2024-08-21,19736.3,19885.3,19690.6,19824.8
2024-08-22,19758.5,19938.9,19459.9,19491.8
2024-08-23,19669.8,19818.4,19526.6,19720.9
2024-08-26,19679.2,19726.9,19437.3,19516.4
2024-08-27,19450.6,19617.9,19369.5,19581.5
2024-08-28,19567.5,19587,19221.5,19350.8
2024-08-29,19567.5,19622.7,19281.7,19325.5
2024-08-30,19425.3,19582.2,19326.6,19574.6
2024-09-03,19438.1,19438.1,18869.8,18958.7
2024-09-04,18832.6,19070.8,18808.8,18921.4
2024-09-05,18832.6,19102.4,18806.8,18930.3
2024-09-06,18903,18930.8,18401,18421.3
2024-09-09,18579.8,18693.9,18469.4,18660.8
2024-09-10,18722.2,18845.7,18570.7,18829.1
2024-09-11,18866,19266.4,18531.6,19237.3
2024-09-12,19166.8,19456.4,19166.8,19423.1
2024-09-13,19396.1,19556.8,19384.7,19514.6
2024-09-16,19412.8,19446.1,19294.2,19423.1
2024-09-17,19539.7,19596.3,19337.1,19432.4
2024-09-18,19478.5,19643.5,19330.8,19344.5
2024-09-19,19723.9,19951.8,19723.9,19839.8
2024-09-20,19816.3,19845.7,19632.7,19791.5
2024-09-23,19848.7,19892.8,19797.8,19852.2
2024-09-24,19917.6,19984.5,19739.7,19944.8
2024-09-25,19921.2,20043.4,19921.2,19972.6
2024-09-26,20273.3,20273.3,19967,20115.5
2024-09-27,20147.3,20152.5,19964.1,20008.6
2024-09-30,19959.3,20072.4,19852.8,20060.7
2024-10-01,20046.1,20056.2,19622.3,19773.3
2024-10-02,19725.9,19876.7,19630.9,19802.6
2024-10-03,19712.3,19902.7,19688.2,19793.3
2024-10-04,20025.2,20045.7,19829.5,20035
2024-10-07,19990.1,19990.1,19763,19800.7
2024-10-08,19954.7,20132.7,19881.1,20107.8
2024-10-09,20047.9,20284.4,20047.9,20268.9
2024-10-10,20117.2,20314.2,20117.2,20241.8
2024-10-11,20165.2,20313.2,20142.2,20272
2024-10-14,20366.1,20493.9,20355.1,20439
2024-10-15,20442.8,20484.3,20083.6,20159.8
2024-10-16,20154.8,20200.6,20036.7,20174
2024-10-17,20375.3,20377.7,20186.4,20190.4
2024-10-18,20273.6,20360.3,20273.6,20324
2024-10-21,20280.5,20386.7,20193,20361.5
2024-10-22,20257,20437.9,20218.9,20383.6
2024-10-23,20257,20312.8,19934.9,20067
2024-10-24,20197.6,20256.4,20116.9,20232.9
2024-10-25,20354.9,20552.8,20322.3,20352
2024-10-28,20455,20470.4,20344.8,20351.1
2024-10-29,20369.1,20600.1,20294.6,20550.7
2024-10-30,20510.9,20559.5,20378.7,20387.7
2024-10-31,20227.2,20227.2,19880.3,19890.4
2024-11-01,19955.8,20162.5,19951,20033.1
2024-11-04,20011.5,20107,19898.6,19963.6
2024-11-05,20042.9,20249.2,20042.9,20227.5
2024-11-06,20571.3,20807,20526.6,20781.3
2024-11-07,20896.4,21132.8,20896.4,21101.6
2024-11-08,21083.6,21155,21050.3,21117.2
2024-11-11,21171.2,21182,20993.5,21106.6
2024-11-12,21105.5,21144.7,20946.7,21070.8
2024-11-13,21049.7,21154.9,20955.2,21036.2
2024-11-14,21052.1,21067.7,20864,20896.7
2024-11-15,20680,20684.6,20315.1,20394.1
2024-11-18,20450.2,20622.3,20401.3,20539.2
2024-11-19,20435.7,20696.5,20423.3,20684.6
2024-11-20,20660.8,20676.6,20402.5,20667.1
2024-11-21,20775.3,20814.9,20436.8,20740.8
2024-11-22,20737.5,20797.2,20655.7,20776.2
2024-11-25,20918.8,20998.5,20712.4,20804.9
2024-11-26,20871.6,20944.9,20832.4,20922.9
2024-11-27,20852.4,20853.1,20615.4,20744.5
2024-11-29,20771,20956.3,20752,20930.4
2024-12-02,20971.8,21201,20971.8,21164.6
2024-12-03,21106.5,21235.8,21081.8,21229.3
2024-12-04,21361.8,21498.4,21340.8,21492.4
2024-12-05,21488.5,21517.5,21411.5,21425.2
2024-12-06,21458.6,21626.3,21449.6,21622.2
2024-12-09,21573.8,21610,21400.8,21440.8
2024-12-10,21492.5,21567,21313.3,21368.2
2024-12-11,21540.4,21784.7,21533.9,21764
2024-12-12,21652.9,21715.8,21596.7,21615.3
2024-12-13,21789.7,21886.7,21646.1,21780.2
2024-12-16,21891.4,22133.2,21879.7,22096.7
2024-12-17,22003.6,22062,21921.2,22001.1
2024-12-18,21979.5,22038.1,21146.8,21209.3
2024-12-19,21358.8,21413.7,21093.5,21110.5
2024-12-20,20939.6,21540.3,20913.7,21289.2
2024-12-23,21364.3,21510.1,21224.3,21503.2
2024-12-24,21564.4,21797.7,21559,21797.7
2024-12-26,21734,21837.7,21645.6,21768.3
2024-12-27,21633.1,21642.3,21292.2,21473
2024-12-30,21189.1,21346.1,21046.6,21197.1
2024-12-31,21256,21276.1,20979.5,21012.2
2025-01-02,21120.1,21236.6,20800.5,20975.6
2025-01-03,21096.8,21359.6,21075.9,21326.2
2025-01-06,21551.2,21703.5,21462.5,21559.5
2025-01-07,21619.9,21621.3,21101.1,21173
2025-01-08,21156.8,21242.6,20992.1,21181
2025-01-10,21012.3,21015.5,20718.8,20847.6
2025-01-13,20593.6,20797.1,20538.3,20784.7
2025-01-14,20896.4,20969.5,20622.7,20757.4
2025-01-15,21067.8,21286,21024.3,21237.9
2025-01-16,21325,21330.6,21087.9,21091.3
2025-01-17,21461.9,21515.8,21334.6,21441.2
2025-01-21,21557.8,21620.2,21379.1,21566.5
2025-01-22,21756.2,21943,21756.2,21853
2025-01-23,21737.2,21900.9,21722,21900.9
2025-01-24,21915.5,21945.5,21709.1,21774
2025-01-27,21000.2,21292.5,20974.9,21127.3
2025-01-28,21186.1,21500.7,21043.1,21463
2025-01-29,21473,21477.9,21251.8,21411.5
2025-01-30,21519.8,21623.5,21308.7,21508.1
2025-01-31,21661.6,21846,21425.8,21478
2025-02-03,21084.6,21406.6,21004.4,21297.6
2025-02-04,21319.6,21582.4,21308.2,21566.9
2025-02-05,21453.9,21663,21408.6,21658.2
2025-02-06,21674.2,21776.1,21618.2,21774.1
2025-02-07,21776.3,21869.3,21465.5,21491.3
2025-02-10,21670.1,21793.1,21645.2,21756.7
2025-02-11,21629.1,21776.2,21625.5,21693.5
2025-02-12,21475.4,21745.7,21454.2,21719.3
2025-02-13,21786.2,22038.2,21758,22030.7
2025-02-14,22038.6,22139.4,22010.3,22114.7
2025-02-18,22176,22191.4,22029.6,22164.6
2025-02-19,22121.7,22222.6,22045.8,22175.6
2025-02-20,22132.7,22148.4,21878.8,22068.1
2025-02-21,22110.5,22115.2,21597.2,21614.1
2025-02-24,21669.4,21727.6,21342,21352.1
2025-02-25,21318.8,21326.8,20930.6,21087.2
2025-02-26,21170.5,21350.5,21012.6,21132.9
2025-02-27,21281.4,21323.9,20540.7,20551
2025-02-28,20518.7,20900.8,20407.4,20884.4
2025-03-03,20989.6,21073.8,20279.5,20425.6
2025-03-04,20281.9,20688.5,20034.7,20352.5
2025-03-05,20363.2,20688.7,20182.6,20628.5
2025-03-06,20231.7,20473.4,19968.6,20052.6
2025-03-07,20015.6,20253.2,19736.8,20201.4
2025-03-10,19827,19867.1,19243.3,19431
2025-03-11,19405.5,19659.4,19180.6,19377
2025-03-12,19663.4,19756.1,19375.3,19596
2025-03-13,19534.4,19558.6,19152.6,19225.5
2025-03-14,19458.9,19729.2,19436,19704.6
2025-03-17,19670.7,19943.8,19622.5,19812.2
2025-03-18,19657.1,19676.1,19397.1,19483.4
2025-03-19,19576.3,19921.6,19497.8,19736.7
2025-03-20,19558.3,19888.9,19549.3,19677.6
2025-03-21,19466.4,19768,19409.2,19754
2025-03-24,20041.2,20208.8,20025,20180.4
2025-03-25,20196.5,20292.2,20164.1,20287.8
2025-03-26,20239,20270.2,19848.5,19917
2025-03-27,19814.6,20003.4,19740.2,19798.6
2025-03-28,19718.5,19752.5,19241.5,19281.4
2025-03-31,18998.5,19316.1,18799.2,19278.4
2025-04-01,19192.8,19468.6,19095.2,19436.4
2025-04-02,19182.4,19707.3,19157.2,19581.8
2025-04-03,18774.1,18902.1,18503,18521.5
2025-04-04,18022.2,18089.2,17387.8,17397.7
2025-04-07,16771.8,18191.5,16542.2,17430.7
2025-04-08,18034.5,18207,16850.2,17090.4
2025-04-09,17116.5,19234,17082.4,19145.1
2025-04-10,18626.1,18710.6,17794.5,18343.6
2025-04-11,18309.3,18728.9,18153.3,18690.1
2025-04-14,19095.5,19115.2,18614.8,18796
2025-04-15,18832,19004.2,18754.9,18830.2
2025-04-16,18475.8,18597.3,17996,18257.6
2025-04-17,18369.9,18401,18144.5,18258.1
2025-04-21,18023,18043.1,17592.9,17808.3
2025-04-22,18033.9,18396.4,17993.2,18276.4
2025-04-23,18870.6,19043,18618.9,18693.3
2025-04-24,18756.5,19224.8,18744.5,19214.4
2025-04-25,19209.7,19447.6,19133.2,19432.6
2025-04-28,19432.7,19519.3,19162.5,19427.3
2025-04-29,19316,19582.8,19304.8,19544.9
2025-04-30,19168.1,19612.8,19012,19571
2025-05-01,19866.8,20024.5,19763.1,19786.7
2025-05-02,19986.6,20176.6,19936.7,20102.6
2025-05-05,19928.8,20100.6,19899.3,19967.9
2025-05-06,19709.6,19927.2,19659.3,19791.3
2025-05-07,19804.5,19960.9,19605.1,19868
2025-05-08,20067.4,20249.8,19907.7,20063.6
2025-05-09,20170.4,20203.6,19984.5,20061.4
2025-05-12,20818.8,20870.1,20613.3,20868.1
2025-05-13,20906.9,21259.4,20891.2,21197.7
2025-05-14,21254.5,21336.5,21199.9,21319.2
2025-05-15,21206.7,21443.9,21168.2,21335.8
2025-05-16,21375.6,21428.8,21246.4,21427.9
2025-05-19,21138.1,21464.6,21138.1,21447.1
2025-05-20,21347.6,21400,21226.7,21367.4
2025-05-21,21217.3,21483,21002.1,21080.4
2025-05-22,21097.5,21263.2,21046.2,21112.5
2025-05-23,20806.4,21025.6,20778,20915.7
2025-05-27,21201.4,21429.3,21145.1,21415
2025-05-28,21451.7,21508.1,21296.5,21318.2
2025-05-29,21611.5,21611.5,21260.7,21364
2025-05-30,21330.8,21386.3,21032.6,21341
2025-06-02,21330.8,21500.4,21199.4,21491.7
2025-06-03,21530,21716,21474.5,21662.6
2025-06-04,21689,21761.4,21607.3,21721.9
2025-06-05,21782.3,21891.9,21472.8,21547.4
2025-06-06,21696.7,21836.6,21696.7,21761.8
2025-06-09,21779.2,21855.2,21729.3,21797.9
2025-06-10,21819.8,21961.4,21727.3,21941.9
2025-06-11,21994.2,22041.8,21775.3,21860.8
2025-06-12,21826.8,21952,21807,21913.3
2025-06-13,21675.9,21838.5,21591.1,21631
2025-06-16,21783.1,21979.8,21783.1,21937.6
2025-06-17,21858.9,21896.4,21680.2,21719.1
2025-06-18,21745.5,21863,21660.5,21719.7
2025-06-20,21834.5,21903,21552.8,21626.4
2025-06-23,21632.8,21871.9,21532.3,21856.3
2025-06-24,22053.3,22220.6,22045.6,22190.5
2025-06-25,22279.7,22329.2,22175.1,22237.7
2025-06-26,22328.2,22467,22255.3,22447.3
2025-06-27,22484.9,22603.2,22382.8,22534.2
2025-06-30,22632.9,22721.5,22565.1,22679
2025-07-01,22594.5,22631.3,22388.1,22478.1
2025-07-02,22451.8,22644.7,22448.1,22641.9
